"FilingID","ReferenceID","SubreferenceID","Name of General Partner, etc."
2010625,33292,6112,"BTG PACTUAL GLOBAL ASSET MANAGEMENT LIMITED,"
2010625,33292,6115,"BTG PACTUAL GLOBAL ASSET MANAGEMENT LIMITED,"
2010625,53869,10552,"BTG PACTUAL GLOBAL ASSET MANAGEMENT LIMITED"
2010625,33292,6118,"BTG PACTUAL GLOBAL ASSET MANAGEMENT LTD"
2010625,53869,10553,"BTG PACTUAL GLOBAL ASSET MANAGEMENT LIMITED"
2010625,53869,10551,"BTG PACTUAL GLOBAL ASSET MANAGEMENT LIMITED"
2006287,377733,145902,"KIM BISHOP"
2006287,377733,145902,"TIM SWEETING"
2006287,377733,145901,"SHIPROCK CAPITAL GP LIMITED"
2006287,377733,145902,"RICHARD SCOTT HOPKINS"
2008611,454417,150969,"C/M GLOBAL GP, LLC"
2004963,437691,150460,"HALO CAPITAL GP LLC"
2004963,437691,150461,"HALO CAPITAL GP LLC"
2006922,490793,153870,"ASPIRITY PARTNERS GP LIMITED"
2007300,491192,153957,"LOVE LTD"
2007300,491192,153956,"LOVE GP"
2006456,21306,124273,"ICG EUROPE FUND V GP LIMITED"
2006456,159014,124275,"ICG EUROPE FUND VI GP LIMITED"
2009010,367989,144808,"VIDIA CLIMATE FUND I GP GMBH"
2013131,215327,126263,"SANDRA D'ITALIA"
2013131,215327,126262,"DAVIDE LEONE AND PARTNERS GP LTD"
2013131,215327,126262,"FRANCOISE HENRY"
2013131,215327,126262,"SANDRA D'ITALIA"
2013131,215327,126262,"GRANT JACKSON"
2013131,215327,126263,"GRANT JACKSON"
2013131,215327,126263,"FRANCOISE HENRY"
2010034,420567,146954,"JIN YANG"
2010034,420567,146954,"DAVID EGGLISHAW"
2010034,420567,146954,"SAMANTHA FU"
2010034,420574,146955,"DAVID EGGLISHAW"
2010034,420574,146955,"JIN YANG"
2010034,420574,146955,"SAMANTHA FU"
2009320,283049,137447,"IN-DEPTH PARTNERS LLC"
2009320,283049,137446,"IN-DEPTH PARTNERS LLC"
2009320,283049,137446,"MAISA ARAUJO"
2009320,283049,137446,"DANIEL ARRUDA"
2008784,32149,141325,"INTERTRUST SPV (CAYMAN) LIMITED"
2008784,32149,141326,"CAPULA GENERAL PARTNER LIMITED"
2008784,280536,141323,"CAPULA MANAGEMENT LIMITED"
2008784,280536,141324,"INTERTRUST SPV (CAYMAN) LIMITED"
2008784,269362,136020,"CAPULA MANAGEMENT LIMITED"
2008784,32149,135726,"CAPULA MANAGEMENT LIMITED"
2008784,252188,134008,"CAPULA GENERAL PARTNER LIMITED"
2008784,32066,5879,"CAPULA MANAGEMENT LIMITED"
2008784,32066,5881,"INTERTRUST SPV (CAYMAN) LIMITED"
2008784,32066,5882,"CAPULA MANAGEMENT LIMITED"
2008784,32149,5888,"CAPULA MANAGEMENT LIMITED"
2008784,32149,5889,"INTERTRUST SPV (CAYMAN) LIMITED"
2008784,32149,13092,"CAPULA MANAGEMENT LIMITED"
2008784,252188,134010,"CAPULA MANAGEMENT LIMITED"
2008784,32066,5877,"CAPULA GENERAL PARTNER LIMITED"
2008784,269363,136022,"CAPULA MANAGEMENT LIMITED"
2008784,269362,136019,"CAPULA MANAGEMENT LIMITED"
2008784,269362,136021,"INTERTRUST SPV (CAYMAN) LIMITED"
2008784,269363,136023,"INTERTRUST SPV (CAYMAN) LIMITED"
2008784,280536,137170,"CAPULA MANAGEMENT LIMITED"
2007384,193703,122288,"INHERENT ESG OPPORTUNITY FEEDER GP, LP"
2007384,193703,122287,"VICTOR MURRAY, DENISE ARCHER"
2007384,193703,122206,"INHERENT ESG OPPORTUNITY FEEDER GP, LP"
2007644,425166,147840,"NICHOLAS BARRETT"
2007644,425166,147840,"DAWN HOWE"
2007644,425166,147840,"JONATHAN RONEY"
2007644,425166,147841,"FINCH BAY CAPITAL GP LIMITED"
1999631,250267,133791,"ALAINA DANLEY, DIRECTOR"
1999631,250267,133791,"JULIAN FLETCHER, DIRECTOR"
1999631,250267,133791,"ABHISHEK TREHAN, DIRECTOR"
1999631,250267,133792,"DARWIN GLOBAL FUND GP, LLC"
2010046,178808,118083,"ARMATUS PARTNERS, LLC"
2010046,178808,118084,"DERRICK BILDERBEEK, DYAN BILDERBEEK PADGETT"
2002790,435256,150210,"BEX CAPITAL"
2002790,435255,150209,"BEX CAPITAL"
2008547,491251,153961,"VISTARA V CAPITAL PARTNERS USA, LTD."
2008547,491251,153960,"VISTARA GENERAL PARTNER V INC."
2009787,487202,153194,"ZAKARA BIOTECHNOLOGY FUND GP LLC, ZAKARA CAPITAL LLC"
1999682,489834,153700,"AGSO II GP LLC"
1999682,489834,153701,"AGSO II GP LLC"
1999682,489834,153702,"AGSO II GP LLC"
1999682,488504,153560,"AGSO II GP LLC"
1999682,488504,153559,"AGSO II GP LLC"
1999682,488504,153377,"AGSO II GP LLC"
2006452,422095,147130,"ICG SRE GP II S.A R.L."
2006452,422090,147134,"ICG METROPOLITAN GP S.A R.L."
2006452,488128,153308,"ICG EUROPE S.A R.L."
2006452,488128,153309,"ICG EUROPE S.A R.L."
2006452,488118,153304,"ICG LP SECONDARIES FUND ASSOCIATES I S.A R.L"
2006452,488455,153348,"ICG EUROPE FUND IX GP S.A R.L."
2006452,488338,153337,"ICG STRATEGIC EQUITY GP V S.A R.L."
2006452,488126,153306,"ICG EUROPE S.A R.L."
2006452,364879,144356,"ICG EUROPE MID-MARKET FUND II GP S.A R.L."
2006452,246662,144418,"ICG INFRASTRUCTURE EQUITY FUND I GP S.A R.L."
2006452,246509,133036,"ICG EUROPE MID-MARKET FUND GP LP SCSP"
2006452,205557,124215,"ICG EUROPE FUND VII GP LP SCSP"
2006452,269855,136099,"ICG RECOVERY FUND II GP S.A R.L."
2006452,269708,136088,"ICG REAL ESTATE DEBT VI GP S.A R.L."
2006452,246670,136130,"ICG PRIVATE MARKETS GP SCSP"
2006452,310472,141198,"ICG EUROPE SARL FUND VIII GP S.A.R.L."
2006452,422095,147131,"ICG SRE GP II S.A R.L."
2006452,422090,147133,"ICG METROPOLITAN GP S.A R.L."
2006452,422087,147124,"ICG METROPOLITAN GP S.A R.L."
2006452,488119,153305,"ICG LP SECONDARIES FUND ASSOCIATES I S.A R.L"
2006452,488335,153336,"ICG EUROPE FUND VIII GP S.A R.L."
2006452,488518,153378,"ICG EUROPE S.A R.L."
2006452,488127,153307,"ICG EUROPE S.A R.L."
2011225,191739,121152,"HEWES GP, LLC"
2010970,6641,1904,"3I INVESTMENTS PLC"
2010970,6882,141294,"3I INVESTMENTS PLC"
2006912,421132,147755,"ARROWPOINT INVESTMENT PARTNERS (CAYMAN) LIMITED"
2006912,421132,147755,"JONATHAN HUA JUN XIONG"
2006912,421132,147755,"NEIL MACKIE"
2006912,421132,147755,"STACEY-ANN KIRKCONNELL"
2006912,421132,147018,"ARROWPOINT INVESTMENT PARTNERS (CAYMAN) LIMITED"
2006912,421132,147018,"JONATHAN HUA JUN XIONG"
2006912,421132,147018,"STACEY-ANN KIRKCONNELL"
2006912,421132,147018,"NEIL MACKIE"
2004063,369327,153732,"BENJAMIN PAUL BUSTAMANTE SANTOS"
2004063,369327,153732,"FREDERICK MANLUNAS"
2004063,369327,153732,"MIGUEL ANTONIO SANTOS"
2009787,487202,153195,"ZAKARA BIOTECHNOLOGY FUND GP LLC, ZAKARA CAPITAL LLC, EKWUTOZIA NWABUZOR, JANET OKOGBAA"
